911100221003,lastchance
911100221089,TEB11SMS
911100221111,TEB12SMS
911100221127,ntfpush
911100221141,TEB11SMS
911100221143,ntfpush
911100221144,ntfpush
911100221165,ntfpush
911100221176,ntfpush
911100221178,TEB11SMS
911100221180,ntfpush
911100221265,ntfpush
911100221281,TEB2ASMS
911100221327,T1KRMSMS
911100221346,T1KRMSMS
911100221360,rfmsms
911100221373,rfmsms
911100221381,rfmsms
911100221411,rfmsms
911100221413,rfmsms
911100221426,rfmsms
911100221434,rfmsms
911100221451,T1KRMSMS
911100221462,rfmsms
911100221478,TEB3SMS
911100221503,TEB3SMS
911100221506,TEB3SMS
911100221524,TEB3SMS
911100221527,T1KRMSMS
911100221554,TEB3SMS
911100221564,TEB3SMS
911100221566,T1KRMSMS
911100221579,ntfuiuser
911100221592,rfmsms
911100221616,TEB3SMS
911100221641,rfmsms
911100221651,T1KRMSMS
911100221656,ntfuiuser
911100221661,rfmsms
911100221727,TEB4SMS
911100221730,TEB4SMS
911100221802,TEB4SMS
911100221817,rfmsms
911100221835,TEB4SMS
911100221839,TEB5SMS
911100221895,TEB5SMS
911100221947,b1rmsms
911100221948,TEB5SMS
911100221994,TEB5SMS
911100222012,TEB5SMS
911100222033,TEB5SMS
911100222054,TEB5SMS
911100222070,b1rmsms
911100222074,TEB5SMS
911100222080,b1rmsms
911100222224,b2rmsms
911100222236,b2rmsms
911100222288,adarsh
911100222391,b3rmsms
